{"version": 2, "width": 169, "height": 25, "timestamp": 1566595170, "env": {"SHELL": "/bin/zsh", "TERM": "xterm-256color"}}
[0.695607, "o", "\u001b[1m\u001b[7m%\u001b[27m\u001b[1m\u001b[0m                                                                                                                                                                        \r \r\u001b]2;me@my-mac: ~/bin/aws-auth\u0007\u001b]1;~/bin/aws-auth\u0007"]
[0.723956, "o", "\r\u001b[0m\u001b[27m\u001b[24m\u001b[J\u001b[01;32m➜  \u001b[36maws-auth\u001b[00m \u001b[01;34mgit:(\u001b[31mmaster\u001b[34m)\u001b[00m \u001b[K"]
[0.724222, "o", "\u001b[?1h\u001b=\u001b[?2004h"]
[1.983502, "o", "s"]
[2.212715, "o", "\bso"]
[2.352635, "o", "u"]
[2.44455, "o", "r"]
[2.621648, "o", "ce\u001b[1m \u001b[0m"]
[4.023265, "o", "\b\u001b[0m a"]
[4.333503, "o", "w"]
[4.555857, "o", "s"]
[4.6976, "o", "-"]
[4.890894, "o", "a"]
[5.00715, "o", "u"]
[5.229269, "o", "th-utils.sh\u001b[1m \u001b[0m"]
[6.162436, "o", "\b\u001b[0m \b"]
[6.162507, "o", "\u001b[?1l\u001b>"]
[6.162601, "o", "\u001b[?2004l\r\r\n"]
[6.163497, "o", "\u001b]2;source aws-auth-utils.sh\u0007\u001b]1;source\u0007"]
[6.168913, "o", "\u001b[1m\u001b[7m%\u001b[27m\u001b[1m\u001b[0m                                                                                                                                                                        \r \r"]
[6.169127, "o", "\u001b]2;me@my-mac: ~/bin/aws-auth\u0007\u001b]1;~/bin/aws-auth\u0007"]
[6.19627, "o", "\r\u001b[0m\u001b[27m\u001b[24m\u001b[J\u001b[01;32m➜  \u001b[36maws-auth\u001b[00m \u001b[01;34mgit:(\u001b[31mmaster\u001b[34m)\u001b[00m \u001b[K"]
[6.196416, "o", "\u001b[?1h\u001b=\u001b[?2004h"]
[7.530258, "o", "a"]
[7.722898, "o", "\baw"]
[7.938618, "o", "s"]
[8.050541, "o", "-"]
[8.243516, "o", "a"]
[8.372302, "o", "u"]
[8.621124, "o", "th-"]
[9.20075, "o", "m"]
[9.331349, "o", "f"]
[9.509701, "o", "a-"]
[10.015461, "o", "l"]
[10.21972, "o", "o"]
[10.356133, "o", "gin\u001b[1m \u001b[0m"]
[10.696664, "o", "\b\u001b[0m m"]
[10.889056, "o", "e"]
[11.486423, "o", " "]
[15.69128, "o", "\u001b[7m123456\u001b[27m"]
[16.3137, "o", "\b\b\b\b\b\b\u001b[27m2\u001b[27m0\u001b[27m0\u001b[27m3\u001b[27m2\u001b[27m5\u001b[?1l\u001b>"]
[16.313772, "o", "\u001b[?2004l\r\r\n"]
[16.314552, "o", "\u001b]2;aws-auth-mfa-login me 123456\u0007\u001b]1;aws-auth-mfa-login\u0007"]
[19.534269, "o", "MFA session valid until 2019-08-24T09:19:49Z\r\n"]
[19.53443, "o", "\u001b[1m\u001b[7m%\u001b[27m\u001b[1m\u001b[0m                                                                                                                                                                        \r \r\u001b]2;me@my-mac: ~/bin/aws-auth\u0007\u001b]1;~/bin/aws-auth\u0007"]
[19.560529, "o", "\r\u001b[0m\u001b[27m\u001b[24m\u001b[J\u001b[01;32m➜  \u001b[36maws-auth\u001b[00m \u001b[01;34mgit:(\u001b[31mmaster\u001b[34m)\u001b[00m \u001b[K"]
[19.560576, "o", "\u001b[?1h\u001b=\u001b[?2004h"]
[24.756804, "o", "\u001b[7maws sts get-caller-identity --profile beerfest\u001b[27m"]
[25.130629, "o", "\u001b[46D\u001b[27ma\u001b[27mw\u001b[27ms\u001b[27m \u001b[27ms\u001b[27mt\u001b[27ms\u001b[27m \u001b[27mg\u001b[27me\u001b[27mt\u001b[27m-\u001b[27mc\u001b[27ma\u001b[27ml\u001b[27ml\u001b[27me\u001b[27mr\u001b[27m-\u001b[27mi\u001b[27md\u001b[27me\u001b[27mn\u001b[27mt\u001b[27mi\u001b[27mt\u001b[27my\u001b[27m \u001b[27m-\u001b[27m-\u001b[27mp\u001b[27mr\u001b[27mo\u001b[27mf\u001b[27mi\u001b[27ml\u001b[27me\u001b[27m \u001b[27mb\u001b[27me\u001b[27me\u001b[27mr\u001b[27mf\u001b[27me\u001b[27ms\u001b[27mt\u001b[?1l\u001b>"]
[25.130699, "o", "\u001b[?2004l\r\r\n"]
[25.131563, "o", "\u001b]2;aws sts get-caller-identity --profile beerfest\u0007\u001b]1;aws\u0007"]
[26.306176, "o", "{\r\n    \"UserId\": \"my-session\",\r\n    \"Account\": \"123456789\",\r\n    \"Arn\": \"arn:aws:sts::1234567890:assumed-role/role\"\r\n}\r\n"]
[26.347835, "o", "\u001b[1m\u001b[7m%\u001b[27m\u001b[1m\u001b[0m                                                                                                                                                                        \r \r"]
[26.34789, "o", "\u001b]2;me@my-mac: ~/bin/aws-auth\u0007"]
[26.348022, "o", "\u001b]1;~/bin/aws-auth\u0007"]
[26.374704, "o", "\r\u001b[0m\u001b[27m\u001b[24m\u001b[J\u001b[01;32m➜  \u001b[36maws-auth\u001b[00m \u001b[01;34mgit:(\u001b[31mmaster\u001b[34m)\u001b[00m \u001b[K"]
[26.374757, "o", "\u001b[?1h\u001b="]
[26.374813, "o", "\u001b[?2004h"]
[27.540048, "o", "\u001b[?2004l\r\r\n"]
