{"version": 2, "width": 169, "height": 25, "timestamp": 1566594346, "env": {"SHELL": "/bin/zsh", "TERM": "xterm-256color"}}
[0.700126, "o", "/Users/niek/.zshrc:export:121: not valid in this context: PATH+\r\n"]
[0.701733, "o", "\u001b[1m\u001b[7m%\u001b[27m\u001b[1m\u001b[0m                                                                                                                                                                        \r \r"]
[0.701869, "o", "\u001b]2;niek@Nieks-MacBook-Pro: ~/bin/aws-auth\u0007\u001b]1;~/bin/aws-auth\u0007"]
[0.726699, "o", "\r\u001b[0m\u001b[27m\u001b[24m\u001b[J\u001b[01;31m➜  \u001b[36maws-auth\u001b[00m \u001b[01;34mgit:(\u001b[31mmaster\u001b[34m)\u001b[00m \u001b[K"]
[0.726846, "o", "\u001b[?1h\u001b=\u001b[?2004h"]
[3.366686, "o", "h"]
[3.481043, "o", "\bhe"]
[3.646914, "o", "l"]
[3.853101, "o", "l"]
[4.007436, "o", "o"]
[4.337552, "o", "\u001b[?1l\u001b>\u001b[?2004l\r\r\n"]
[4.338454, "o", "\u001b]2;hello\u0007\u001b]1;hello\u0007"]
[4.340306, "o", "zsh: command not found: hello\r\n"]
[4.340674, "o", "\u001b[1m\u001b[7m%\u001b[27m\u001b[1m\u001b[0m                                                                                                                                                                        \r \r"]
[4.340839, "o", "\u001b]2;niek@Nieks-MacBook-Pro: ~/bin/aws-auth\u0007"]
[4.341012, "o", "\u001b]1;~/bin/aws-auth\u0007"]
[4.371274, "o", "\r\u001b[0m\u001b[27m\u001b[24m\u001b[J\u001b[01;31m➜  \u001b[36maws-auth\u001b[00m \u001b[01;34mgit:(\u001b[31mmaster\u001b[34m)\u001b[00m \u001b[K"]
[4.371465, "o", "\u001b[?1h\u001b=\u001b[?2004h"]
[7.102205, "o", "\u001b[?2004l\r\r\n"]
