{
  "version": 1,
  "width": 120,
  "height": 40,
  "duration": 5.588688,
  "command": null,
  "title": null,
  "env": {
    "TERM": "xterm-256color",
    "SHELL": "/usr/local/bin/fish"
  },
  "stdout": [
    [
      0.429037,
      "\u001b]1337;RemoteHost=software-concepts@MACC02R81RHG8WM\u0007\u001b]1337;CurrentDir=/Users/software-concepts/workspace/jeroen.knoops/rust-example\u0007\u001b]1337;ShellIntegrationVersion=6;shell=fish\u0007"
    ],
    [
      0.008683,
      "\u001b]1337;RemoteHost=software-concepts@MACC02R81RHG8WM\u0007\u001b]1337;CurrentDir=/Users/software-concepts/workspace/jeroen.knoops/rust-example\u0007"
    ],
    [
      0.019462,
      "\u001b]1337;SetUserVar=gitBranch=KEhFQUQgZGV0YWNoZWQgYXQgMDMwYjcyNSk=\u0007"
    ],
    [
      0.009641,
      "\u001b]1337;SetUserVar=gitRemote=Z2l0QGdpdGh1Yi5jb206SmVyb2VuS25vb3BzL3J1c3QtZXhhbXBsZS5naXQ=\u0007"
    ],
    [
      0.002824,
      "\u001b]0;fish  /Users/software-concepts/workspace/jeroen.knoops/rust-example\u0007"
    ],
    [
      2.7e-05,
      "\u001b[30m\u001b(B\u001b[m"
    ],
    [
      0.004019,
      "Welcome to fish, the friendly interactive shell\r\nType \u001b[32mhelp\u001b[30m\u001b(B\u001b[m for instructions on how to use fish\r\n"
    ],
    [
      0.020696,
      "\u001b[?2004h"
    ],
    [
      0.123116,
      "\u001b]0;fish  /Users/software-concepts/workspace/jeroen.knoops/rust-example\u0007\u001b[30m\u001b(B\u001b[m"
    ],
    [
      0.000264,
      "\u001b[38;5;237m⏎\u001b(B\u001b[m                                                                                                                       \r⏎ \r\u001b[2K"
    ],
    [
      0.002826,
      "\u001b]133;D;0\u0007\u001b]133;A\u0007\u001b[1m\u001b[37m\u001b[42m[I]\u001b[30m\u001b(B\u001b[m \u001b[38;5;15m\u001b[48;5;31m ~ \u001b[48;5;237m\u001b[38;5;31m\u001b[38;5;250m\u001b[48;5;237m workspace \u001b[48;5;237m\u001b[38;5;244m\u001b[38;5;250m\u001b[48;5;237m jeroen.knoops \u001b[48;5;237m\u001b[38;5;244m\u001b[38;5;250m\u001b[48;5;237m rust-example \u001b[48;5;161m\u001b[38;5;237m\u001b[38;5;15m\u001b[48;5;161m ⚓ 030b725 \u001b[48;5;52m\u001b[38;5;161m\u001b[38;5;15m\u001b[48;5;52m ❓ \u001b[48;5;236m\u001b[38;5;52m\u001b[38;5;15m\u001b[48;5;236m $ \u001b[0m\u001b[38;5;236m\u001b[0m \u001b]133;B\u0007\u001b[K"
    ],
    [
      1.131031,
      "cargo test --test bug"
    ],
    [
      0.108243,
      "\u001b]0;fish  /Users/software-concepts/workspace/jeroen.knoops/rust-example\u0007\u001b[30m\u001b(B\u001b[m\r"
    ],
    [
      0.000273,
      "\u001b]133;D;0\u0007\u001b]133;A\u0007\u001b[1m\u001b[37m\u001b[42m[I]\u001b[30m\u001b(B\u001b[m \u001b[38;5;15m\u001b[48;5;31m ~ \u001b[48;5;237m\u001b[38;5;31m\u001b[38;5;250m\u001b[48;5;237m workspace \u001b[48;5;237m\u001b[38;5;244m\u001b[38;5;250m\u001b[48;5;237m jeroen.knoops \u001b[48;5;237m\u001b[38;5;244m\u001b[38;5;250m\u001b[48;5;237m rust-example \u001b[48;5;161m\u001b[38;5;237m\u001b[38;5;15m\u001b[48;5;161m ⚓ 030b725 \u001b[48;5;52m\u001b[38;5;161m\u001b[38;5;15m\u001b[48;5;52m ❓ \u001b[48;5;236m\u001b[38;5;52m\u001b[38;5;15m\u001b[48;5;236m $ \u001b[0m\u001b[38;5;236m\u001b[0m \u001b]133;B\u0007cargo test --test bug\u001b[K"
    ],
    [
      2.8e-05,
      "\u001b[21D\u001b[38;2;0;95;215mcargo\u001b[30m\u001b(B\u001b[m \u001b[38;2;0;175;255mtest\u001b[30m\u001b(B\u001b[m \u001b[38;2;0;175;255m--test\u001b[30m\u001b(B\u001b[m \u001b[38;2;0;175;255mbug\u001b[30m\u001b(B\u001b[m"
    ],
    [
      0.966057,
      "\r\n\u001b[30m\u001b("
    ],
    [
      5.2e-05,
      "B\u001b[m"
    ],
    [
      0.000152,
      "\u001b[?2004l"
    ],
    [
      0.000267,
      "\u001b]133;C;\u0007"
    ],
    [
      0.000273,
      "\u001b]0;cargo  /Users/software-concepts/workspace/jeroen.knoops/rust-example\u0007\u001b[30m\u001b(B"
    ],
    [
      2.7e-05,
      "\u001b[m\r"
    ],
    [
      0.091291,
      "\u001b[0m\u001b[0m\u001b[1m\u001b[32m   Compiling\u001b[0m example v0.1.0 (file:///Users/software-concepts/workspace/jeroen.knoops/rust-example)\r\n"
    ],
    [
      0.606871,
      "\u001b[0m\u001b[0m\u001b[1m\u001b[32m    Finished\u001b[0m dev [unoptimized + debuginfo] target(s) in 0.60 secs\r\n"
    ],
    [
      0.002677,
      "\u001b[0m\u001b[0m\u001b[1m\u001b[32m     Running\u001b[0m target/debug/deps/bug-6262d8198d8b39aa\r\n"
    ],
    [
      0.017518,
      "\r\nrunning 1 test\r\n"
    ],
    [
      0.00021,
      "test test_substract ... "
    ],
    [
      3.7e-05,
      "\u001b[32mok\u001b(B\u001b[m\r\n\r\ntest result: \u001b[32mok\u001b(B\u001b[m. 1 passed; 0 failed; 0 ignored; 0 measured; 0 filtered out\r\n\r\n"
    ],
    [
      0.002115,
      "\u001b]1337;RemoteHost=software-concepts@MACC02R81RHG8WM\u0007\u001b]1337;CurrentDir=/Users/software-concepts/workspace/jeroen.knoops/rust-example\u0007"
    ],
    [
      0.018978,
      "\u001b]1337;SetUserVar=gitBranch=KEhFQUQgZGV0YWNoZWQgYXQgMDMwYjcyNSk=\u0007"
    ],
    [
      0.007928,
      "\u001b]1337;SetUserVar=gitRemote=Z2l0QGdpdGh1Yi5jb206SmVyb2VuS25vb3BzL3J1c3QtZXhhbXBsZS5naXQ=\u0007"
    ],
    [
      0.008812,
      "\u001b[?2004h"
    ],
    [
      0.109341,
      "\u001b]0;fish  /Users/software-concepts/workspace/jeroen.knoops/rust-example\u0007\u001b[30m\u001b(B\u001b[m"
    ],
    [
      0.000164,
      "\u001b[38;5;237m⏎\u001b(B\u001b[m                                                                                                                       \r⏎ \r\u001b[2K"
    ],
    [
      2.6e-05,
      "\u001b]133;D;0\u0007\u001b]133;A\u0007\u001b[1m\u001b[37m\u001b[42m[I]\u001b[30m\u001b(B\u001b[m \u001b[38;5;15m\u001b[48;5;31m ~ \u001b[48;5;237m\u001b[38;5;31m\u001b[38;5;250m\u001b[48;5;237m workspace \u001b[48;5;237m\u001b[38;5;244m\u001b[38;5;250m\u001b[48;5;237m jeroen.knoops \u001b[48;5;237m\u001b[38;5;244m\u001b[38;5;250m\u001b[48;5;237m rust-example \u001b[48;5;161m\u001b[38;5;237m\u001b[38;5;15m\u001b[48;5;161m ⚓ 030b725 \u001b[48;5;52m\u001b[38;5;161m\u001b[38;5;15m\u001b[48;5;52m ❓ \u001b[48;5;236m\u001b[38;5;52m\u001b[38;5;15m\u001b[48;5;236m $ \u001b[0m\u001b[38;5;236m\u001b[0m \u001b]133;B\u0007\u001b[K"
    ],
    [
      1.894178,
      "\r\n\u001b[30m\u001b(B\u001b[m"
    ],
    [
      4.3e-05,
      "\u001b[30m\u001b(B\u001b[m"
    ],
    [
      0.000107,
      "\u001b[?2004l"
    ]
  ]
}