{
  "version": 1,
  "width": 166,
  "height": 25,
  "duration": 47.13254,
  "command": null,
  "title": null,
  "env": {
    "TERM": "xterm-256color",
    "SHELL": "/bin/zsh"
  },
  "stdout": [
    [
      0.291224,
      "\u001b[1m\u001b[7m%\u001b[27m\u001b[1m\u001b[0m                                                                                                                                                                     \r \r\u001b]2;310230212@MACC02QX17YG8WP-2: ~\u0007\u001b]1;~\u0007"
    ],
    [
      0.021534,
      "\r\u001b[0m\u001b[27m\u001b[24m\u001b[J\u001b[01;32m➜  \u001b[36m~\u001b[00m \u001b[K"
    ],
    [
      0.000181,
      "\u001b[?1h\u001b="
    ],
    [
      5.6e-05,
      "\u001b[?2004h"
    ],
    [
      1.251178,
      "d"
    ],
    [
      0.118881,
      "\bdo"
    ],
    [
      0.103964,
      "c"
    ],
    [
      0.112246,
      "k"
    ],
    [
      0.095892,
      "e"
    ],
    [
      0.103882,
      "r"
    ],
    [
      0.207942,
      " "
    ],
    [
      0.152066,
      "r"
    ],
    [
      0.103867,
      "u"
    ],
    [
      0.183031,
      "n"
    ],
    [
      0.088985,
      " "
    ],
    [
      1.320221,
      "-"
    ],
    [
      0.28827,
      "i"
    ],
    [
      0.207616,
      "t"
    ],
    [
      0.087837,
      " "
    ],
    [
      0.312216,
      "-"
    ],
    [
      0.583983,
      "-"
    ],
    [
      0.24765,
      "r"
    ],
    [
      0.176268,
      "m"
    ],
    [
      0.150848,
      " "
    ],
    [
      0.184263,
      "g"
    ],
    [
      0.096906,
      "i"
    ],
    [
      0.079992,
      "t"
    ],
    [
      0.127884,
      "l"
    ],
    [
      0.087949,
      "a"
    ],
    [
      0.175958,
      "b"
    ],
    [
      0.216094,
      "/"
    ],
    [
      0.207085,
      "g"
    ],
    [
      0.120913,
      "i"
    ],
    [
      0.112046,
      "t"
    ],
    [
      0.127681,
      "l"
    ],
    [
      0.104238,
      "a"
    ],
    [
      0.17584,
      "b"
    ],
    [
      0.216049,
      "-"
    ],
    [
      0.137147,
      "r"
    ],
    [
      0.134966,
      "u"
    ],
    [
      0.192109,
      "n"
    ],
    [
      0.119864,
      "n"
    ],
    [
      0.112119,
      "e"
    ],
    [
      0.095984,
      "r"
    ],
    [
      0.247548,
      " "
    ],
    [
      0.392258,
      "r"
    ],
    [
      0.128058,
      "e"
    ],
    [
      0.160022,
      "g"
    ],
    [
      0.104067,
      "i"
    ],
    [
      0.103807,
      "s"
    ],
    [
      0.12796,
      "t"
    ],
    [
      0.120007,
      "e"
    ],
    [
      0.104069,
      "r"
    ],
    [
      0.112032,
      "\u001b[?1l\u001b>"
    ],
    [
      3.3e-05,
      "\u001b[?2004l\r\r\n"
    ],
    [
      0.001786,
      "\u001b]2;docker run -it --rm gitlab/gitlab-runner register\u0007\u001b]1;docker\u0007"
    ],
    [
      0.821022,
      "Running in system-mode.                           \u001b[0;m \r\n                                                  \u001b[0;m \r\nPlease enter the gitlab-ci coordinator URL (e.g. https://gitlab.com/):\r\n"
    ],
    [
      3.274902,
      "h"
    ],
    [
      0.12727,
      "t"
    ],
    [
      0.143484,
      "t"
    ],
    [
      0.137242,
      "p"
    ],
    [
      0.279648,
      "s"
    ],
    [
      0.463834,
      ":"
    ],
    [
      0.288059,
      "/"
    ],
    [
      0.167864,
      "/"
    ],
    [
      0.232189,
      "g"
    ],
    [
      0.128081,
      "i"
    ],
    [
      0.087994,
      "t"
    ],
    [
      0.143706,
      "l"
    ],
    [
      0.111985,
      "a"
    ],
    [
      0.160234,
      "b"
    ],
    [
      0.12759,
      "."
    ],
    [
      0.17627,
      "c"
    ],
    [
      0.119984,
      "o"
    ],
    [
      0.135858,
      "m"
    ],
    [
      0.224252,
      "\r\nPlease enter the gitlab-ci token for this runner:\r\n"
    ],
    [
      1.626424,
      "XXXXXXXXXXXXXX"
    ],
    [
      1.373241,
      "\r\nPlease enter the gitlab-ci description for this runner:\r\n[5e0836e68acf]: "
    ],
    [
      2.09587,
      "a"
    ],
    [
      0.207988,
      "w"
    ],
    [
      0.208084,
      "s"
    ],
    [
      0.127983,
      " "
    ],
    [
      0.447935,
      "s"
    ],
    [
      0.151884,
      "p"
    ],
    [
      0.159932,
      "o"
    ],
    [
      0.135963,
      "t"
    ],
    [
      0.168033,
      " "
    ],
    [
      0.184008,
      "r"
    ],
    [
      0.110634,
      "u"
    ],
    [
      0.209097,
      "n"
    ],
    [
      0.119605,
      "n"
    ],
    [
      0.112665,
      "e"
    ],
    [
      0.087892,
      "r"
    ],
    [
      0.136365,
      "\r\nPlease enter the gitlab-ci tags for this runner (comma separated):\r\n"
    ],
    [
      1.712045,
      "d"
    ],
    [
      0.263979,
      "o"
    ],
    [
      0.143689,
      "c"
    ],
    [
      0.111886,
      "k"
    ],
    [
      0.072427,
      "e"
    ],
    [
      0.103648,
      "r"
    ],
    [
      0.200232,
      "."
    ],
    [
      0.167646,
      "m"
    ],
    [
      0.240263,
      "3"
    ],
    [
      0.224489,
      "\r\nWhether to run untagged builds [true/false]:\r\n[false]: "
    ],
    [
      1.231531,
      "\r\nWhether to lock the Runner to current project [true/false]:\r\n[true]: "
    ],
    [
      0.7122,
      "\r\n"
    ],
    [
      0.533616,
      "Registering runner... succeeded                   \u001b[0;m  runner\u001b[0;m=sAPwvVTT\r\nPlease enter the executor: docker-ssh, shell, ssh, virtualbox, docker+machine, kubernetes, docker, docker-ssh+machine, parallels:\r\n"
    ],
    [
      1.258156,
      "d"
    ],
    [
      0.103912,
      "o"
    ],
    [
      0.135904,
      "c"
    ],
    [
      0.087961,
      "k"
    ],
    [
      0.103987,
      "e"
    ],
    [
      0.096223,
      "r"
    ],
    [
      0.327573,
      "+"
    ],
    [
      0.296265,
      "m"
    ],
    [
      0.110943,
      "a"
    ],
    [
      0.169131,
      "c"
    ],
    [
      0.095922,
      "h"
    ],
    [
      0.112089,
      "i"
    ],
    [
      0.159809,
      "n"
    ],
    [
      0.128026,
      "e"
    ],
    [
      0.376113,
      "\r\nPlease enter the default Docker image (e.g. ruby:2.1):\r\n"
    ],
    [
      3.878918,
      "d"
    ],
    [
      0.128061,
      "o"
    ],
    [
      0.137675,
      "c"
    ],
    [
      0.094434,
      "k"
    ],
    [
      0.095693,
      "e"
    ],
    [
      0.08014,
      "r"
    ],
    [
      0.335877,
      ":"
    ],
    [
      0.25606,
      "1"
    ],
    [
      0.240001,
      "7"
    ],
    [
      0.28791,
      "."
    ],
    [
      0.239813,
      "1"
    ],
    [
      0.167288,
      "1"
    ],
    [
      0.241098,
      "."
    ],
    [
      1.047846,
      "0"
    ],
    [
      0.408116,
      "-"
    ],
    [
      0.255909,
      "c"
    ],
    [
      0.215864,
      "e"
    ],
    [
      0.282044,
      "\r\nRunner registered successfully. Feel free to start it, but if it's running already the config should be automatically reloaded!\u001b[0;m \r\n"
    ],
    [
      0.575268,
      "\u001b[1m\u001b[7m%\u001b[27m\u001b[1m\u001b[0m                                                                                                                                                                     \r \r"
    ],
    [
      5.7e-05,
      "\u001b]2;310230212@MACC02QX17YG8WP-2: ~\u0007"
    ],
    [
      1.1e-05,
      "\u001b]1;~\u0007"
    ],
    [
      0.017496,
      "\r\u001b[0m\u001b[27m\u001b[24m\u001b[J\u001b[01;32m➜  \u001b[36m~\u001b[00m \u001b[K"
    ],
    [
      2e-05,
      "\u001b[?1h\u001b="
    ],
    [
      4.8e-05,
      "\u001b[?2004h"
    ],
    [
      3.171538,
      "\u001b[?2004l\r\r\n"
    ]
  ]
}
