{
  "version": 1,
  "width": 120,
  "height": 40,
  "duration": 8.466695,
  "command": null,
  "title": null,
  "env": {
    "TERM": "xterm-256color",
    "SHELL": "/usr/local/bin/fish"
  },
  "stdout": [
    [
      0.450875,
      "\u001b]1337;RemoteHost=software-concepts@MACC02R81RHG8WM\u0007\u001b]1337;CurrentDir=/Users/software-concepts/workspace/jeroen.knoops/rust-example\u0007"
    ],
    [
      8.4e-05,
      "\u001b]1337;ShellIntegrationVersion=6;shell=fish\u0007"
    ],
    [
      0.008899,
      "\u001b]1337;RemoteHost=software-concepts@MACC02R81RHG8WM\u0007\u001b]1337;CurrentDir=/Users/software-concepts/workspace/jeroen.knoops/rust-example\u0007"
    ],
    [
      0.018968,
      "\u001b]1337;SetUserVar=gitBranch=bWFzdGVy\u0007"
    ],
    [
      0.008907,
      "\u001b]1337;SetUserVar=gitRemote=Z2l0QGdpdGh1Yi5jb206SmVyb2VuS25vb3BzL3J1c3QtZXhhbXBsZS5naXQ=\u0007"
    ],
    [
      0.006573,
      "\u001b]0;fish  /Users/software-concepts/workspace/jeroen.knoops/rust-example\u0007"
    ],
    [
      3.4e-05,
      "\u001b[30m\u001b(B\u001b[m"
    ],
    [
      0.004554,
      "Welcome to fish, the friendly interactive shell\r\nType \u001b[32mhelp\u001b[30m\u001b(B\u001b[m for instructions on how to use fish\r\n"
    ],
    [
      0.020354,
      "\u001b[?2004h"
    ],
    [
      0.12094,
      "\u001b]0;fish  /Users/software-concepts/workspace/jeroen.knoops/rust-example\u0007\u001b[30m\u001b(B\u001b[m"
    ],
    [
      0.000258,
      "\u001b[38;5;237m⏎\u001b(B\u001b[m                                                                                                                       \r⏎ \r\u001b[2K"
    ],
    [
      0.002729,
      "\u001b]133;D;0\u0007\u001b]133;A\u0007\u001b[1m\u001b[37m\u001b[42m[I]\u001b[30m\u001b(B\u001b[m \u001b[38;5;15m\u001b[48;5;31m ~ \u001b[48;5;237m\u001b[38;5;31m\u001b[38;5;250m\u001b[48;5;237m workspace \u001b[48;5;237m\u001b[38;5;244m\u001b[38;5;250m\u001b[48;5;237m jeroen.knoops \u001b[48;5;237m\u001b[38;5;244m\u001b[38;5;250m\u001b[48;5;237m rust-example \u001b[48;5;161m\u001b[38;5;237m\u001b[38;5;15m\u001b[48;5;161m master \u001b[48;5;52m\u001b[38;5;161m\u001b[38;5;15m\u001b[48;5;52m ❓ \u001b[48;5;236m\u001b[38;5;52m\u001b[38;5;15m\u001b[48;5;236m $ \u001b[0m\u001b[38;5;236m\u001b[0m \u001b]133;B\u0007\u001b[K"
    ],
    [
      1.034315,
      "cargo test --test bug"
    ],
    [
      0.102125,
      "\u001b]0;fish  /Users/software-concepts/workspace/jeroen.knoops/rust-example\u0007\u001b[30m\u001b(B\u001b[m\r"
    ],
    [
      0.000158,
      "\u001b]133;D;0\u0007\u001b]133;A\u0007\u001b[1m\u001b[37m\u001b[42m[I]\u001b[30m\u001b(B\u001b[m \u001b[38;5;15m\u001b[48;5;31m ~ \u001b[48;5;237m\u001b[38;5;31m\u001b[38;5;250m\u001b[48;5;237m workspace \u001b[48;5;237m\u001b[38;5;244m\u001b[38;5;250m\u001b[48;5;237m jeroen.knoops \u001b[48;5;237m\u001b[38;5;244m\u001b[38;5;250m\u001b[48;5;237m rust-example \u001b[48;5;161m\u001b[38;5;237m\u001b[38;5;15m\u001b[48;5;161m master \u001b[48;5;52m\u001b[38;5;161m\u001b[38;5;15m\u001b[48;5;52m ❓ \u001b[48;5;236m\u001b[38;5;52m\u001b[38;5;15m\u001b[48;5;236m $ \u001b[0m\u001b[38;5;236m\u001b[0m \u001b]133;B\u0007cargo test --test bug\u001b[K"
    ],
    [
      0.000132,
      "\u001b[21D\u001b[38;2;0;95;215mcargo\u001b[30m\u001b(B\u001b[m \u001b[38;2;0;175;255mtest\u001b[30m\u001b(B\u001b[m \u001b[38;2;0;175;255m--test\u001b[30m\u001b(B\u001b[m \u001b[38;2;0;175;255mbug\u001b[30m\u001b(B\u001b[m"
    ],
    [
      1.91422,
      "\r\n\u001b[30m"
    ],
    [
      4.5e-05,
      "\u001b(B\u001b[m"
    ],
    [
      0.000194,
      "\u001b[?2004l"
    ],
    [
      0.00027,
      "\u001b]133;C;\u0007"
    ],
    [
      0.000336,
      "\u001b]0;cargo  /Users/software-concepts/workspace/jeroen.knoops/rust-example\u0007\u001b[30m\u001b"
    ],
    [
      4.1e-05,
      "(B\u001b[m\r"
    ],
    [
      0.088256,
      "\u001b[0m\u001b[0m\u001b[1m\u001b[32m   Compiling\u001b[0m example v0.1.0 (file:///Users/software-concepts/workspace/jeroen.knoops/rust-example)\r\n"
    ],
    [
      0.627274,
      "\u001b[0m\u001b[0m\u001b[1m\u001b[32m    Finished\u001b[0m dev [unoptimized + debuginfo] target(s) in 0.62 secs\r\n"
    ],
    [
      0.00252,
      "\u001b[0m\u001b[0m\u001b[1m\u001b[32m     Running\u001b[0m target/debug/deps/bug-6262d8198d8b39aa\r\n"
    ],
    [
      0.017313,
      "\r\nrunning 1 test\r\n"
    ],
    [
      0.000384,
      "test test_substract ... \u001b[31mFAILED\u001b(B\u001b[m\r\n\r\nfailures:\r\n\r\n"
    ],
    [
      3.2e-05,
      "---- test_substract stdout ----\r\n\tthread 'test_substract' panicked at 'assertion failed: `(left == right)`\r\n  left: `16`,\r\n right: `6`', tests/bug.rs:6:5\r\nnote: Run with `RUST_BACKTRACE=1` for a backtrace.\r\n\r\n\r\nfailures:\r\n    test_substract\r\n\r\ntest result: \u001b[31mFAILED\u001b(B\u001b[m. 0 passed; 1 failed; 0 ignored; 0 measured; 0 filtered out\r\n\r\n"
    ],
    [
      0.00042,
      "\u001b[0m\u001b[0m\u001b[1m\u001b[31merror:\u001b[0m test failed, to rerun pass '--test bug'\r\n"
    ],
    [
      0.001802,
      "\u001b]1337;RemoteHost=software-concepts@MACC02R81RHG8WM\u0007\u001b]1337;CurrentDir=/Users/software-concepts/workspace/jeroen.knoops/rust-example\u0007"
    ],
    [
      0.019037,
      "\u001b]1337;SetUserVar=gitBranch=bWFzdGVy\u0007"
    ],
    [
      0.007769,
      "\u001b]1337;SetUserVar=gitRemote=Z2l0QGdpdGh1Yi5jb206SmVyb2VuS25vb3BzL3J1c3QtZXhhbXBsZS5naXQ=\u0007"
    ],
    [
      0.007428,
      "\u001b[?2004h"
    ],
    [
      0.099629,
      "\u001b]0;fish  /Users/software-concepts/workspace/jeroen.knoops/rust-example\u0007\u001b[30m\u001b(B\u001b[m"
    ],
    [
      0.000186,
      "\u001b[38;5;237m⏎\u001b(B\u001b[m                                                                                                                       \r⏎ \r\u001b[2K"
    ],
    [
      0.000286,
      "\u001b]133;D;101\u0007\u001b]133;A\u0007\u001b[1m\u001b[37m\u001b[42m[I]\u001b[30m\u001b(B\u001b[m \u001b[38;5;15m\u001b[48;5;31m ~ \u001b[48;5;237m\u001b[38;5;31m\u001b[38;5;250m\u001b[48;5;237m workspace \u001b[48;5;237m\u001b[38;5;244m\u001b[38;5;250m\u001b[48;5;237m jeroen.knoops \u001b[48;5;237m\u001b[38;5;244m\u001b[38;5;250m\u001b[48;5;237m rust-example \u001b[48;5;161m\u001b[38;5;237m\u001b[38;5;15m\u001b[48;5;161m master \u001b[48;5;52m\u001b[38;5;161m\u001b[38;5;15m\u001b[48;5;52m ❓ \u001b[48;5;161m\u001b[38;5;52m\u001b[38;5;15m\u001b[48;5;161m 101 \u001b[48;5;161m\u001b[38;5;161m\u001b[38;5;15m\u001b[48;5;161m $ \u001b[0m\u001b[38;5;161m\u001b[0m \u001b]133;B\u0007\u001b[K"
    ],
    [
      3.897815,
      "\r\n\u001b[30m\u001b(B\u001b[m\u001b[30m"
    ],
    [
      4.4e-05,
      "\u001b(B\u001b[m"
    ],
    [
      7.1e-05,
      "\u001b[?2004l"
    ]
  ]
}